{"meta": {"format": 3, "version": "7.10.7", "timestamp": "2026-04-26T12:20:44.917474", "branch_coverage": false, "show_contexts": false}, "files": {"files/greenit_mcp.py": {"executed_lines": [1, 22, 23, 24, 25, 26, 27, 28, 29, 30, 33, 38, 39, 40, 43, 44, 46, 52, 54, 56, 57, 58, 61, 62, 70, 71, 72, 73, 74, 75, 77, 78, 82, 84, 142, 145, 146, 147, 148, 149, 150, 156, 159, 162, 169, 171, 172, 174, 175, 176, 177, 179, 184, 185, 186, 187, 189, 193, 194, 201, 202, 204, 206, 207, 208, 210, 213, 214, 216, 218, 219, 221, 222, 223, 224, 226, 227, 228, 230, 243, 246, 247, 249, 250, 262, 263, 265, 266, 278, 302, 320, 322, 323, 326, 327, 329, 330, 332, 333, 334, 335, 336, 337, 338, 339, 340, 342, 352, 353, 354, 355, 356, 359, 386, 400, 402, 405, 407, 408, 410, 411, 412, 413, 414, 427, 428, 429, 430, 431, 432, 435, 459, 469, 471, 472, 474, 475, 476, 478, 479, 480, 481, 482, 483, 485, 486, 487, 488, 489, 490, 491, 492, 493, 494, 495, 497, 498, 508, 509, 510, 511, 512, 513, 516, 555, 565, 567, 568, 570, 571, 572, 574, 575, 576, 578, 579, 593, 594, 596, 598, 606, 607, 608, 609, 612, 632, 642, 643, 645, 646, 648, 650, 651, 657, 658, 659, 660, 661, 664, 695, 702, 703, 705, 706, 708, 710, 711, 712, 713, 715, 716, 717, 718, 719, 720, 721, 722, 723, 724, 725, 726, 728, 734, 736, 746, 747, 748, 749, 752, 763, 787, 797, 798, 799, 800, 801, 802, 803, 804, 808, 809, 810, 811, 812, 813, 816, 828, 848, 858, 859, 860, 861, 862, 863, 864, 865, 869, 870, 871, 872, 873, 874, 877, 892, 914, 916, 919, 922, 924, 925, 934, 935, 936, 937, 948, 949, 957, 974, 975, 982, 996, 997, 1004, 1019, 1020, 1028, 1043, 1044, 1051, 1074, 1075, 1082, 1100, 1101, 1108, 1127, 1128, 1136, 1154], "summary": {"covered_lines": 298, "num_statements": 353, "percent_covered": 84.41926345609065, "percent_covered_display": "84", "missing_lines": 55, "excluded_lines": 0}, "missing_lines": [1155, 1158, 1159, 1160, 1161, 1162, 1163, 1164, 1165, 1166, 1167, 1168, 1170, 1171, 1174, 1175, 1176, 1179, 1180, 1181, 1182, 1183, 1184, 1185, 1186, 1187, 1188, 1189, 1190, 1193, 1194, 1195, 1196, 1197, 1199, 1200, 1203, 1204, 1205, 1207, 1208, 1210, 1211, 1212, 1214, 1215, 1217, 1218, 1219, 1220, 1221, 1223, 1225, 1226, 1228], "excluded_lines": [], "functions": {"_setup_routes": {"executed_lines": [62], "summary": {"covered_lines": 1, "num_statements": 1, "percent_covered": 100.0, "percent_covered_display": "100", "missing_lines": 0, "excluded_lines": 0}, "missing_lines": [], "excluded_lines": []}, "_http_homepage": {"executed_lines": [71, 72, 73, 74, 75, 77, 78, 82, 84, 142], "summary": {"covered_lines": 10, "num_statements": 10, "percent_covered": 100.0, "percent_covered_display": "100", "missing_lines": 0, "excluded_lines": 0}, "missing_lines": [], "excluded_lines": []}, "_http_install_script": {"executed_lines": [146, 147, 148, 149, 150, 156], "summary": {"covered_lines": 6, "num_statements": 6, "percent_covered": 100.0, "percent_covered_display": "100", "missing_lines": 0, "excluded_lines": 0}, "missing_lines": [], "excluded_lines": []}, "_http_guide": {"executed_lines": [162], "summary": {"covered_lines": 1, "num_statements": 1, "percent_covered": 100.0, "percent_covered_display": "100", "missing_lines": 0, "excluded_lines": 0}, "missing_lines": [], "excluded_lines": []}, "_create_mcp": {"executed_lines": [171, 172, 174, 175, 176, 177, 179, 184, 185, 186, 187, 189], "summary": {"covered_lines": 12, "num_statements": 12, "percent_covered": 100.0, "percent_covered_display": "100", "missing_lines": 0, "excluded_lines": 0}, "missing_lines": [], "excluded_lines": []}, "obtenir_fiche": {"executed_lines": [204, 206, 207, 208, 210], "summary": {"covered_lines": 5, "num_statements": 5, "percent_covered": 100.0, "percent_covered_display": "100", "missing_lines": 0, "excluded_lines": 0}, "missing_lines": [], "excluded_lines": []}, "index_fiches": {"executed_lines": [216, 218, 219, 221, 222, 223, 224, 226, 227, 228, 230, 243], "summary": {"covered_lines": 12, "num_statements": 12, "percent_covered": 100.0, "percent_covered_display": "100", "missing_lines": 0, "excluded_lines": 0}, "missing_lines": [], "excluded_lines": []}, "obtenir_metadata": {"executed_lines": [249, 250], "summary": {"covered_lines": 2, "num_statements": 2, "percent_covered": 100.0, "percent_covered_display": "100", "missing_lines": 0, "excluded_lines": 0}, "missing_lines": [], "excluded_lines": []}, "version_serveur": {"executed_lines": [265, 266], "summary": {"covered_lines": 2, "num_statements": 2, "percent_covered": 100.0, "percent_covered_display": "100", "missing_lines": 0, "excluded_lines": 0}, "missing_lines": [], "excluded_lines": []}, "lister_fiches": {"executed_lines": [320, 322, 323, 326, 327, 329, 330, 332, 333, 334, 335, 336, 337, 338, 339, 340, 342, 352, 353, 354, 355, 356], "summary": {"covered_lines": 22, "num_statements": 22, "percent_covered": 100.0, "percent_covered_display": "100", "missing_lines": 0, "excluded_lines": 0}, "missing_lines": [], "excluded_lines": []}, "fiches_prioritaires": {"executed_lines": [400, 402, 405, 407, 408, 410, 411, 412, 413, 414, 427, 428, 429, 430, 431, 432], "summary": {"covered_lines": 16, "num_statements": 16, "percent_covered": 100.0, "percent_covered_display": "100", "missing_lines": 0, "excluded_lines": 0}, "missing_lines": [], "excluded_lines": []}, "chercher_fiche": {"executed_lines": [469, 471, 472, 474, 475, 476, 478, 479, 480, 481, 482, 483, 485, 486, 487, 488, 489, 490, 491, 492, 493, 494, 495, 497, 498, 508, 509, 510, 511, 512, 513], "summary": {"covered_lines": 31, "num_statements": 31, "percent_covered": 100.0, "percent_covered_display": "100", "missing_lines": 0, "excluded_lines": 0}, "missing_lines": [], "excluded_lines": []}, "comparer_fiches": {"executed_lines": [565, 567, 568, 570, 571, 572, 574, 575, 576, 578, 579, 593, 594, 596, 598, 606, 607, 608, 609], "summary": {"covered_lines": 19, "num_statements": 19, "percent_covered": 100.0, "percent_covered_display": "100", "missing_lines": 0, "excluded_lines": 0}, "missing_lines": [], "excluded_lines": []}, "obtenir_fiche_complete": {"executed_lines": [642, 643, 645, 646, 648, 650, 651, 657, 658, 659, 660, 661], "summary": {"covered_lines": 12, "num_statements": 12, "percent_covered": 100.0, "percent_covered_display": "100", "missing_lines": 0, "excluded_lines": 0}, "missing_lines": [], "excluded_lines": []}, "obtenir_statistiques": {"executed_lines": [702, 703, 705, 706, 708, 710, 711, 712, 713, 715, 716, 717, 718, 719, 720, 721, 722, 723, 724, 725, 726, 728, 734, 736, 746, 747, 748, 749], "summary": {"covered_lines": 28, "num_statements": 28, "percent_covered": 100.0, "percent_covered_display": "100", "missing_lines": 0, "excluded_lines": 0}, "missing_lines": [], "excluded_lines": []}, "lister_lifecycles": {"executed_lines": [797, 798, 799, 800, 801, 802, 803, 804, 808, 809, 810, 811, 812, 813], "summary": {"covered_lines": 14, "num_statements": 14, "percent_covered": 100.0, "percent_covered_display": "100", "missing_lines": 0, "excluded_lines": 0}, "missing_lines": [], "excluded_lines": []}, "lister_ressources": {"executed_lines": [858, 859, 860, 861, 862, 863, 864, 865, 869, 870, 871, 872, 873, 874], "summary": {"covered_lines": 14, "num_statements": 14, "percent_covered": 100.0, "percent_covered_display": "100", "missing_lines": 0, "excluded_lines": 0}, "missing_lines": [], "excluded_lines": []}, "calculer_ecoindex": {"executed_lines": [914, 916, 919, 922, 924, 925, 934, 935, 936, 937], "summary": {"covered_lines": 10, "num_statements": 10, "percent_covered": 100.0, "percent_covered_display": "100", "missing_lines": 0, "excluded_lines": 0}, "missing_lines": [], "excluded_lines": []}, "audit_ecoindex": {"executed_lines": [957], "summary": {"covered_lines": 1, "num_statements": 1, "percent_covered": 100.0, "percent_covered_display": "100", "missing_lines": 0, "excluded_lines": 0}, "missing_lines": [], "excluded_lines": []}, "rapport_impact": {"executed_lines": [982], "summary": {"covered_lines": 1, "num_statements": 1,